request,response
What are common treatments for seasonal allergies?,"Common treatments include intranasal corticosteroids (e.g., fluticasone) and second-generation oral antihistamines (e.g., loratadine) to reduce inflammation and symptoms. Allergen avoidance, saline nasal rinses, and antihistamine eye drops (e.g., olopatadine) are also recommended for targeted relief."
How can antihistamines help with allergies?,"Antihistamines block histamine receptors, reducing symptoms like itching, sneezing, and runny nose caused by allergic reactions. They come in oral, nasal, or ocular forms, with newer generations offering non-sedating options for daytime use."
When should someone consider allergy shots?,"Allergy shots should be considered when symptoms persist despite medications and allergen avoidance, or when medications cause intolerable side effects. They are particularly beneficial for long-term tolerance, especially in cases of severe allergic rhinitis, asthma, or insect venom allergies."
What is immunotherapy for allergies?,"Immunotherapy is a long-term treatment that gradually desensitizes the immune system to allergens by administering controlled doses via allergy shots or sublingual tablets/drops. It modifies the underlying allergic response, offering sustained symptom relief and reducing the need for medications in conditions like allergic rhinitis, asthma, or venom allergies."
Can decongestants help with nasal allergies?,"Yes, decongestants can temporarily relieve nasal congestion by shrinking swollen blood vessels in the nasal passages. However, they don’t address the underlying allergic response and should be used short-term to avoid rebound congestion or side effects like elevated blood pressure."
How does nasal corticosteroid spray work?,"Nasal corticosteroid sprays reduce inflammation by inhibiting the activity of immune cells and blocking the release of pro-inflammatory mediators like histamines and cytokines. This decreases nasal swelling, congestion, and mucus production, effectively alleviating allergy symptoms with localized action and minimal systemic absorption."
Are natural treatments effective for allergies?,"Some natural treatments, like saline nasal irrigation or local honey, may offer mild symptom relief but lack robust evidence for broad efficacy. They should complement, not replace, medically proven therapies (e.g., antihistamines, immunotherapy) under professional guidance."
When should someone see a doctor for allergy treatment?,"Consult a doctor if over-the-counter treatments fail to relieve symptoms or if allergies significantly disrupt daily activities (e.g., sleep, work). Seek immediate care for severe reactions like breathing difficulties, swelling, or suspected complications (e.g., sinus infections, asthma exacerbations)."
Can saline nasal sprays treat allergies?,"Saline nasal sprays can help alleviate allergy symptoms by rinsing allergens, mucus, and irritants from nasal passages, reducing congestion and inflammation. However, they don’t treat the underlying allergic response and should be combined with antihistamines or corticosteroids for comprehensive management."
Are allergy eye drops safe to use daily?,"Most antihistamine or mast cell-stabilizing allergy eye drops (e.g., ketotifen, olopatadine) are safe for daily, long-term use under medical guidance. Avoid prolonged use of vasoconstrictive drops (e.g., tetrahydrozoline) without supervision, as they can cause rebound redness or irritation."
How can I prevent pollen allergies?,"To prevent pollen allergies, minimize outdoor exposure during high pollen counts (check local forecasts), keep windows closed, and use air purifiers with HEPA filters indoors. Shower after being outside, wear sunglasses, and consider daily non-sedating antihistamines or nasal corticosteroids prophylactically during allergy season."
What steps reduce dust mite exposure?,"Use allergen-proof mattress and pillow covers, and wash bedding weekly in hot water (≥130°F/54°C) to kill mites. Reduce indoor humidity below 50%, remove carpets/soft furnishings, and vacuum regularly with a HEPA filter to minimize allergen accumulation."
How to prevent mold allergies indoors?,"Control indoor humidity below 50% using dehumidifiers/air conditioners and promptly fix leaks to limit mold growth. Ensure proper ventilation in moisture-prone areas (e.g., bathrooms, kitchens) and clean surfaces regularly with HEPA-filter vacuums or mold-killing solutions."
How can pets trigger allergies and how to prevent them?,"Pets trigger allergies through proteins in dander, saliva, and urine, which become airborne and provoke immune reactions. Prevention includes minimizing exposure via HEPA filters, frequent cleaning, restricting pets from bedrooms, and bathing pets weekly to reduce allergens."
What outdoor precautions help prevent allergies?,"Avoid outdoor activities during peak pollen times (early morning, windy days) and wear sunglasses/hats to minimize exposure. After being outdoors, shower, change clothes, and use saline nasal rinses to remove allergens."
Can air purifiers help prevent allergies?,"Yes, air purifiers with HEPA filters can reduce airborne allergens like pollen, dust mites, and pet dander, lowering symptom triggers. However, they should complement other strategies (e.g., regular cleaning, allergen avoidance) since they don’t eliminate surface or contact allergens."
What home cleaning tips help allergy prevention?,"Use a HEPA-filter vacuum weekly to trap allergens and wash bedding in hot water (≥130°F) to eliminate dust mites. Control humidity (ideally <50%) with dehumidifiers to inhibit mold and dust mites, and opt for microfiber cloths dampened with water for dusting to avoid spreading particles."
How can wearing masks reduce allergy exposure?,"Masks act as a physical barrier, filtering airborne allergens like pollen, dust, and mold spores before they enter the nose or mouth. Tight-fitting masks (e.g., N95, surgical) are most effective, while cloth masks offer partial protection depending on weave density."
"When is allergy season, and how to prepare?","Allergy seasons vary by allergen: tree pollen (spring), grass (summer), weeds (fall), and indoor allergens (year-round). Prepare by starting antihistamines or nasal corticosteroids 2-4 weeks before peak season, using HEPA filters, and monitoring pollen counts to limit exposure."
Can diet changes help prevent allergies?,"Certain dietary changes, such as increasing omega-3 fatty acids, antioxidants (e.g., vitamins C, E), and probiotics, may support immune regulation and reduce allergy risk, though evidence remains inconclusive. A balanced, anti-inflammatory diet (e.g., Mediterranean) combined with avoiding processed foods could complement other preventive strategies but isn’t a standalone solution."
What is loratadine used for?,"Loratadine is an antihistamine used to relieve symptoms of allergic rhinitis, such as sneezing, runny nose, and itchy eyes/nose, as well as hives. It provides non-sedating 24-hour relief by blocking histamine receptors."
How does cetirizine help allergy symptoms?,"Cetirizine alleviates allergy symptoms by blocking histamine H1 receptors, preventing histamine-induced inflammation, itching, sneezing, and runny nose. It also reduces recruitment of inflammatory cells and mediators, providing 24-hour relief with minimal sedation compared to older antihistamines."
What are the side effects of using nasal sprays?,"Nasal sprays, particularly corticosteroids, may cause local irritation, dryness, or nosebleeds; overuse of decongestant sprays can lead to rebound congestion. Rarely, prolonged steroid use might result in nasal septal perforation or systemic effects like glaucoma, emphasizing the need for proper technique and adherence to dosing guidelines."
When should someone use an EpiPen for allergies?,"An EpiPen should be used immediately during severe allergic reactions (anaphylaxis) involving symptoms like difficulty breathing, throat swelling, or dizziness. Always seek emergency care after administration, even if symptoms temporarily improve."
Is it safe to use antihistamines daily?,"Yes, second-generation oral antihistamines (e.g., cetirizine, loratadine) are generally safe for daily use under medical supervision, as they are non-sedating and have minimal long-term risks. However, prolonged use should be monitored by a healthcare provider to address underlying causes and avoid masking worsening symptoms."
Can allergy medications cause drowsiness?,"Yes, some allergy medications, particularly first-generation antihistamines like diphenhydramine, commonly cause drowsiness by crossing the blood-brain barrier and affecting histamine receptors in the central nervous system. Newer non-sedating antihistamines (e.g., loratadine, fexofenadine) and intranasal corticosteroids are preferred for daytime use to minimize this effect."
What is the role of corticosteroids in allergy management?,"Corticosteroids are cornerstone anti-inflammatory agents in allergy management, effectively reducing nasal and ocular symptoms like congestion, itching, and rhinorrhea by suppressing immune-mediated inflammation. They are typically administered via intranasal sprays or eye drops for targeted action, with systemic use reserved for severe cases due to potential side effects."
Are over-the-counter allergy medications effective?,"Yes, OTC allergy medications like antihistamines (cetirizine, loratadine) and nasal corticosteroids (fluticasone) are effective for mild to moderate symptoms, reducing sneezing, itching, and congestion. However, effectiveness varies; consult a specialist if symptoms persist or worsen despite proper use."
When should prescription allergy meds be considered?,"Prescription allergy medications should be considered when over-the-counter options fail to adequately control symptoms or when allergies cause significant impairment (e.g., chronic sinusitis, asthma exacerbations). They are also recommended for severe, persistent symptoms requiring targeted therapies like nasal corticosteroids, immunomodulators, or allergen immunotherapy."
What is the difference between first and second-generation antihistamines?,"First-generation antihistamines (e.g., diphenhydramine) cross the blood-brain barrier, causing sedation and anticholinergic side effects, while second-generation antihistamines (e.g., loratadine, cetirizine) are minimally sedating with targeted peripheral action and longer duration. Second-generation agents are preferred for daily use due to improved safety and reduced central nervous system effects."
What are common triggers for seasonal allergies?,"Seasonal allergies are commonly triggered by airborne pollen from trees (oak, birch, cedar), grasses, and weeds (ragweed), as well as outdoor mold spores. These allergens peak during specific seasons, particularly in spring, summer, and fall, depending on plant pollination cycles."
How does pollen trigger allergy symptoms?,"Pollen triggers allergy symptoms when the immune system mistakenly identifies pollen proteins as harmful, releasing histamine and other inflammatory chemicals. This response causes nasal congestion, sneezing, itchy eyes, and increased mucus production as the body attempts to expel the allergen."
Can dust mites cause allergic reactions?,"Yes, dust mites can cause allergic reactions due to proteins in their feces and body fragments, which trigger immune responses. Common symptoms include sneezing, nasal congestion, itchy eyes, and asthma exacerbations, managed through allergen avoidance, medications, or immunotherapy."
What role does pet dander play in allergies?,"Pet dander contains allergenic proteins (e.g., Fel d 1 in cats) that trigger IgE-mediated immune responses, leading to inflammation in sensitized individuals. When inhaled or contacting mucous membranes, these proteins cause symptoms like rhinoconjunctivitis, sneezing, and nasal congestion by activating mast cells and releasing histamine."
Can mold exposure cause allergies?,"Yes, mold exposure can trigger allergic reactions. Inhaled mold spores activate the immune system, causing symptoms like sneezing, nasal congestion, itchy/watery eyes, and asthma flares in sensitive individuals."
How do cockroaches trigger allergic reactions?,"Cockroach allergens, found in their saliva, feces, shed skin, and body parts, contain proteins that trigger IgE-mediated immune responses in sensitized individuals. When inhaled or contacted, these proteins bind to antibodies, prompting mast cell activation and release of histamine, causing allergic rhinitis, asthma, or conjunctivitis."
Can weather changes act as allergy triggers?,"Yes, weather changes can trigger allergies by altering pollen distribution (e.g., wind spreading pollen, humidity promoting mold) and causing nasal inflammation via temperature shifts. Monitoring local pollen/mold forecasts and minimizing exposure during high-risk conditions can reduce symptoms."
Are certain foods linked to respiratory allergies?,"Yes, certain foods can exacerbate respiratory allergies due to cross-reactivity, particularly in Oral Allergy Syndrome, where proteins in foods (e.g., apples, nuts) mimic pollen allergens. Additionally, food additives like sulfites may trigger asthma-like symptoms in sensitive individuals."
How does air pollution impact allergies?,"Air pollution exacerbates allergies by irritating respiratory and ocular membranes, increasing allergen penetration, and enhancing immune responses. Pollutants like PM2.5 and ozone also amplify pollen potency and trigger inflammation, worsening symptom severity and duration."
Can strong scents like perfumes trigger allergies?,"Yes, strong scents like perfumes can trigger allergy-like symptoms (rhinitis, eye irritation) by irritating mucous membranes or through non-allergic hypersensitivity. While not true IgE-mediated allergies, sensitive individuals should avoid triggers and consider fragrance-free products to minimize reactions."
What are signs of eye allergies?,"Eye allergies typically present with itching, redness, watery discharge, and swelling of the conjunctiva or eyelids. They often accompany nasal allergy symptoms like sneezing or congestion and are triggered by allergens like pollen or pet dander."
Why do eyes itch during allergy season?,"Eyes itch during allergy season due to an immune response triggered by allergens like pollen, which cause mast cells in the conjunctiva to release histamine. This histamine binds to receptors, leading to inflammation, swelling, and nerve stimulation that results in itching."
How do eye allergies differ from pink eye?,"Eye allergies (allergic conjunctivitis) are triggered by allergens like pollen, causing intense itching, clear discharge, and often accompany nasal allergies, without contagiousness. Pink eye (infectious conjunctivitis) stems from viruses/bacteria, producing thicker discharge (yellow/green), significant redness, and is highly contagious."
What allergens usually cause eye symptoms?,"Common allergens causing eye symptoms include pollen, pet dander, dust mites, and mold spores, which trigger allergic conjunctivitis through IgE-mediated reactions. Seasonal or perennial exposure to these allergens leads to itching, redness, tearing, and swelling of the conjunctiva."
Can contact lenses worsen eye allergy symptoms?,"Yes, contact lenses can worsen eye allergy symptoms by trapping allergens (e.g., pollen, dust) against the ocular surface, increasing irritation and inflammation. Switching to daily disposables, avoiding lenses during flare-ups, and using preservative-free eye drops can help minimize discomfort."
What are common treatments for eye allergies?,"Common treatments for eye allergies include antihistamine or mast cell stabilizer eye drops (e.g., olopatadine) to reduce itching and inflammation, combined with artificial tears to flush allergens. Oral antihistamines (e.g., loratadine) or short-term corticosteroid eye drops may be used for severe cases, alongside allergen avoidance strategies."
Can eye allergies cause blurred vision?,"Yes, eye allergies can temporarily cause blurred vision due to tear film disruption, mucus production, or eyelid swelling. However, persistent or severe blurring warrants evaluation to rule out infections, corneal issues, or other serious conditions."
Are eye allergy symptoms worse indoors or outdoors?,"Eye allergy symptoms can be worse indoors or outdoors depending on the allergen trigger. Indoor allergens like dust mites, pet dander, or mold typically cause persistent symptoms, while outdoor allergens like pollen worsen symptoms seasonally or in specific environments. Identify your specific triggers through testing for targeted management."
How can you tell if you have an eye allergy or infection?,"Eye allergies typically cause intense itching, clear watery discharge, and bilateral symptoms, often with nasal allergy signs (sneezing, congestion). Infections usually present with purulent discharge, pain, crusting, or unilateral onset, sometimes with fever, requiring prompt medical evaluation."
When should someone see a doctor for eye allergies?,"Seek medical attention if eye allergy symptoms (itching, redness, tearing) persist despite over-the-counter treatments or if you experience severe pain, vision changes, or thick discharge, which may indicate infection or a more serious condition. Early evaluation ensures appropriate management and prevents complications like corneal inflammation."
What are typical nose symptoms of allergies?,"Typical nasal allergy symptoms include sneezing, nasal congestion, clear rhinorrhea (runny nose), and itching. These are often accompanied by postnasal drip and may worsen with allergen exposure like pollen or dust mites."
How does allergic rhinitis cause a runny nose?,"Allergic rhinitis triggers an immune response where allergens bind to IgE antibodies on mast cells, prompting histamine release that causes inflammation, increased vascular permeability, and fluid leakage. This results in excessive mucus production and nasal discharge as the body attempts to flush out allergens."
Why do allergies cause nasal congestion?,"Allergies trigger an immune response, releasing histamine and other inflammatory mediators that cause blood vessels in nasal tissues to swell and produce excess mucus. This inflammation and mucus secretion obstruct airflow, leading to nasal congestion."
Can allergies cause loss of smell?,"Yes, allergies can cause temporary loss of smell (anosmia) due to nasal inflammation and congestion blocking odor molecules from reaching olfactory receptors. This typically resolves with allergy management, such as antihistamines, nasal steroids, or allergen avoidance, but persistent symptoms warrant evaluation to rule out other causes like sinusitis or neurological issues."
Do nose symptoms vary between indoor and outdoor allergens?,"Yes, nasal symptoms can differ: indoor allergens (e.g., dust mites, pet dander) often cause year-round congestion and postnasal drip due to prolonged exposure, while outdoor allergens (e.g., pollen) typically trigger seasonal sneezing, itching, and watery rhinorrhea from intermittent high pollen counts."
What triggers sneezing fits in allergies?,"Sneezing fits in allergies are primarily triggered by airborne allergens like pollen, dust mites, or pet dander, which irritate nasal mucosa. This prompts histamine release, causing inflammation and activating the sneeze reflex to expel irritants."
How can postnasal drip result from allergies?,"Allergies trigger inflammatory responses in nasal passages, increasing mucus production; excess mucus then drains down the throat, causing postnasal drip. This is often accompanied by throat irritation and frequent throat clearing due to persistent mucous flow."
Why do some people get nosebleeds during allergy season?,"Nosebleeds during allergy season often result from inflamed, fragile nasal blood vessels due to histamine release, combined with frequent nose blowing or drying medications. Dry nasal membranes from antihistamines or environmental factors further increase susceptibility to cracking and bleeding."
When is a runny nose likely from allergies vs. a cold?,"A runny nose from allergies typically presents with clear, watery discharge and itching (eyes/nose), often triggered by exposure to allergens like pollen, without fever. Colds usually involve thicker, yellow/green mucus, accompanied by sore throat, cough, or fatigue, and resolve within 1-2 weeks."
Can chronic nasal symptoms indicate underlying allergies?,"Yes, chronic nasal symptoms like congestion, rhinorrhea, or sneezing often signal allergic rhinitis, particularly if triggered by allergens (e.g., pollen, dust mites). Persistent symptoms warrant allergy testing (skin prick or IgE blood tests) to confirm sensitization and guide targeted therapy."
What does a score of 1 mean for my allergy symptoms?,"A score of 1 typically indicates very mild allergy symptoms, such as occasional sneezing, slight nasal itching, or minimal eye irritation that doesn’t interfere with daily activities. It suggests low allergen exposure or mild sensitivity, but monitoring for progression or triggers is still advisable."
"If I score 2 on my allergy log, what should I do?","A score of 2 indicates mild to moderate symptoms. Start with over-the-counter antihistamines (e.g., cetirizine) and nasal saline rinses, and monitor for worsening symptoms or triggers to address proactively."
What does a score of 3 indicate in the allergy diary?,"A score of 3 in an allergy diary typically indicates moderate to severe symptoms that interfere with daily activities or sleep, signaling a need for medical evaluation or treatment adjustment. This level often reflects persistent nasal congestion, itching, sneezing, or eye irritation requiring targeted intervention."
How severe is a score of 4 on the allergy scale?,"A score of 4 on a typical 0-5 allergy scale signifies moderate to severe symptoms, such as frequent sneezing, nasal congestion, or itchy eyes, likely disrupting daily function. Medical evaluation for targeted treatments like antihistamines, nasal steroids, or allergy testing is recommended."
What does a score of 5 represent in allergy tracking?,"A score of 5 in allergy tracking typically represents moderate to severe symptom severity on a 10-point scale, indicating significant discomfort that likely interferes with daily activities. This level often warrants medical intervention, such as adjusting medications or consulting a specialist for targeted management."
"If my score is 6, how serious is my condition?","A score of 6 suggests moderate allergy severity, indicating noticeable symptoms that may interfere with daily activities but are not life-threatening. Consultation for targeted treatment (e.g., antihistamines, nasal steroids) and allergen avoidance strategies is recommended to prevent progression."
What does it mean if I score 7 for allergy symptoms?,"A score of 7 suggests moderate to significant allergy symptoms, likely impacting daily function and quality of life. Consultation with an allergist is recommended for targeted testing, personalized treatment (e.g., antihistamines, nasal steroids, or immunotherapy), and allergen avoidance strategies."
Is a score of 8 considered a severe allergy reaction?,"A score of 8 on a typical allergy severity scale (e.g., 0-10) suggests a significant reaction, but severity depends on the specific scoring system used (e.g., skin prick test grading vs. symptom scales). Consult your allergist to contextualize the score with clinical symptoms and testing methods for accurate assessment."
What does a score of 9 imply for my allergy severity?,"A score of 9 typically indicates severe allergy symptoms, reflecting significant nasal/ocular discomfort and likely frequent disruption to daily activities. Immediate evaluation by an allergist is recommended for targeted testing and advanced treatment options like immunotherapy or biologics."
"If I score 10, what should I be concerned about?","A score of 10 on an allergy severity scale (e.g., TNSS or VAS) indicates maximal symptom severity, requiring urgent evaluation for uncontrolled inflammation, risk of complications (e.g., sinusitis, asthma exacerbation), and potential need for advanced therapies like biologics or immunotherapy. Immediate consultation is advised to optimize treatment and prevent long-term mucosal damage."
What should I do if my symptoms worsen in the afternoon?,Identify potential afternoon triggers like pollen or indoor allergens; track local pollen counts and limit outdoor exposure during peak times. Consider using a non-sedating antihistamine preemptively midday and consult an allergist for personalized management if symptoms persist.
How should I adjust allergy treatment if symptoms worsen at night?,"Optimize evening medication timing by using non-sedating antihistamines or intranasal corticosteroids before bedtime to target nocturnal symptom peaks. Reduce nighttime allergen exposure by laundering bedding weekly in hot water, using hypoallergenic covers, and keeping pets out of the bedroom."
"Is morning allergy worse, and how should I respond?","Morning allergies can be worse due to peak pollen release at dawn and overnight exposure to indoor allergens like dust mites. Respond by taking antihistamines before bed, using nasal saline rinses upon waking, and keeping windows closed to limit pollen exposure."
What actions should I take for evening allergy flare-ups?,"To manage evening allergy flare-ups, use a HEPA air purifier in your bedroom and shower before bed to remove allergens. Consider taking a non-sedating antihistamine in the early evening and consult an allergist for persistent symptoms to explore targeted therapies."
What should I do if symptoms spike after outdoor activity?,"Immediately rinse eyes with saline solution and use a nasal saline spray to flush allergens. Take a non-sedating oral antihistamine and apply a nasal corticosteroid to reduce inflammation. 

Prevent future spikes by checking pollen forecasts, wearing wraparound sunglasses, and showering post-activity to remove residual allergens."
How to respond if symptoms get worse during sleep?,Elevate your head with an extra pillow to reduce nasal congestion and use hypoallergenic bedding to minimize exposure to dust mites. Consider a nightly antihistamine (consult your doctor first) and ensure bedroom humidity stays below 50% to discourage allergen growth.
What should I do if my allergy is worse right after waking up?,"To address morning allergy exacerbation, consider using allergen-proof bedding covers, washing sheets weekly in hot water, and keeping windows closed overnight to minimize exposure to dust mites or pollen. A nighttime antihistamine or nasal corticosteroid spray (used before bed) can also reduce inflammation by morning."
How can weather changes during the day affect allergy management?,"Weather changes, like morning pollen spikes or afternoon rain washing allergens away, require adjusting medication timing and outdoor activities. Monitor forecasts to anticipate allergen levels, using antihistamines preventively and closing windows during high pollen periods."
What should I do if I experience symptom flare-up during exercise?,"If symptoms flare during exercise, stop immediately, use a prescribed antihistamine or nasal spray, and rinse eyes/nose with saline. Prevent future episodes by pre-medicating before activity, choosing low-pollen environments, and consulting an allergist to identify triggers."
How quickly should I take medication if symptoms suddenly worsen?,Take medication immediately upon symptom escalation to prevent progression; prompt intervention enhances effectiveness. Follow prescribed dosages and consult your allergist if symptoms persist or worsen despite treatment.
How do I start using the Dayllergist app?,"Download the Dayllergist app from your device’s app store, then complete the registration with your medical history and allergy triggers. Enable location-based pollen alerts and symptom-tracking features for personalized, real-time management of your eye and nose allergies."
How can I log today's symptoms in Dayllergist?,"Open Dayllergist, select ""Daily Log,"" and input symptoms under the eye/nose categories, noting severity and duration. Include potential triggers (e.g., pollen) and medications taken to enhance tracking accuracy for personalized insights."
Where do I check my allergy history on Dayllergist?,"Access your allergy history on Dayllergist by navigating to the ""My Profile"" section, then select ""Health Records"" or ""Track Symptoms"" for a detailed log of past reactions and triggers. Ensure your app is updated to the latest version for optimal functionality."
How do I redeem a token to chat with a doctor?,"Token redemption processes vary by platform; please refer to your service provider's specific instructions for accessing medical consultations. For allergy-related concerns, feel free to ask your question here, and I’ll provide expert guidance."
What is the symptom severity scale in the app?,"The symptom severity scale in the app typically ranges from 0 (none) to 3 (severe), assessing factors like frequency, discomfort, and impact on daily activities. It helps users track trends and guides personalized management strategies based on real-time data."
How do I update my daily allergy log if I made a mistake?,"To correct an error in your allergy log, clearly strike through the mistake (without obscuring it), note the correction alongside, and initial/date the change. For digital logs, add an updated entry with a brief explanation to maintain an accurate, chronological record."
Where can I see air quality information inside the app?,"Most allergy or weather apps display air quality indices (AQI) on the home screen, under a ""weather"" or ""environmental data"" section, or via a dedicated AQI tab. For precise local data, cross-check with official sources like AirNow (EPA) or AirVisual for real-time pollution and allergen levels."
How do I know if my log was successfully saved?,"To confirm if your log was successfully saved, check for a confirmation message, timestamp, or verify its presence in the designated storage location. For allergy-related concerns, please provide specific symptoms or questions for expert medical guidance."
How can I track my symptom trends over time?,"Maintain a dedicated symptom diary (digital or paper-based) to log daily symptoms, severity, triggers, and medications, noting patterns linked to weather, pollen counts, or activities. Use allergy-tracking apps like **AllergyMonitor** or **MySymptoms** to visualize trends, set reminders, and integrate environmental data for precise trigger identification."
How do I edit my profile information in Dayllergist?,"Access your Dayllergist profile by selecting ""Profile"" in the app menu, then tap ""Edit"" to modify details. Save changes after updating; contact support through the app’s help section if issues persist."
What should I do if I have trouble breathing during an allergy attack?,"If experiencing difficulty breathing during an allergy attack, use an epinephrine auto-injector immediately if prescribed and call emergency services, as this may indicate anaphylaxis. Stay calm, sit upright to ease breathing, and avoid known allergens while awaiting medical assistance."
When should I use my EpiPen during an allergic reaction?,"Use your EpiPen immediately if you experience severe symptoms like difficulty breathing, throat swelling, or a drop in blood pressure, as these indicate anaphylaxis. Always administer it promptly and seek emergency care afterward, even if symptoms improve."
What are signs that I should go to the emergency room for allergies?,"Seek emergency care if you experience sudden difficulty breathing, throat swelling, or a rapid drop in blood pressure (dizziness, fainting), as these indicate anaphylaxis. Immediate treatment is critical for severe allergic reactions involving multiple systems (e.g., hives with vomiting, wheezing)."
Can severe allergy symptoms cause anaphylaxis?,"Severe allergy symptoms typically involving only the eyes/nose (e.g., itching, congestion) rarely cause anaphylaxis, which is a systemic reaction affecting multiple organs. However, if allergies progress to include difficulty breathing, throat swelling, or hypotension, this indicates anaphylaxis requiring immediate epinephrine and emergency care."
When is it too risky to treat allergy symptoms at home?,"It’s too risky to self-treat when severe symptoms like difficulty breathing, facial swelling, or sudden vision changes occur, as these may indicate anaphylaxis or serious infections. Seek immediate care if symptoms persist despite standard treatments (antihistamines, nasal sprays) or if purulent nasal discharge or eye pain develops, signaling potential complications."
Should I call 911 if I have swelling in my throat?,"Yes, call 911 immediately if you experience throat swelling, as it may indicate a severe allergic reaction (anaphylaxis) requiring urgent treatment. Use an epinephrine auto-injector if prescribed, then seek emergency care."
What should I do if over-the-counter meds don't stop my allergy symptoms?,"Consult an allergist for targeted testing and personalized treatment, which may include prescription-strength medications, nasal corticosteroids, or immunotherapy. They can also explore advanced options like biologic therapies or environmental control strategies for refractory cases."
How fast can an allergic reaction become life-threatening?,"Anaphylaxis, the most severe allergic reaction, can develop within seconds to minutes (typically 5-30 minutes) after exposure, rapidly progressing to life-threatening respiratory or cardiovascular collapse. Immediate administration of epinephrine and emergency medical care are critical to prevent fatal outcomes."
What if I don't have an EpiPen but show signs of anaphylaxis?,"Immediately call emergency services (911 or local equivalent) and lie flat with legs elevated to maintain blood pressure while awaiting help. If available, use another person’s EpiPen or oral antihistamines, but prioritize urgent medical intervention."
What are emergency signs of a severe allergic reaction?,"Emergency signs of a severe allergic reaction (anaphylaxis) include difficulty breathing due to throat swelling, wheezing, rapid drop in blood pressure (dizziness/fainting), and widespread hives with vomiting. Immediate epinephrine and emergency care are critical to prevent life-threatening complications."
How do I give feedback about today's symptom log?,"Review today’s symptom log thoroughly, highlighting any patterns (e.g., timing, triggers) and note inconsistencies or missing details. Provide specific, objective observations and ask clarifying questions to ensure accuracy in tracking severity or environmental exposures."
What should I do if my symptom log entry feels inaccurate?,"If your symptom log entry feels inaccurate, promptly note the suspected error and cross-reference it with environmental factors (pollen counts, weather) or activity logs from that day. Discuss discrepancies with your allergist to refine tracking methods and ensure treatment aligns with accurate data."
How do I update feedback about my allergy symptoms after saving?,"To update saved feedback on allergy symptoms, access your account’s symptom-tracking section, locate the saved entry, and select “edit” or “update.” If this feature isn’t available, contact the platform’s support team directly to ensure your records are revised promptly."
Can I delete a symptom log if I entered it wrong?,"Yes, most digital symptom logs allow corrections or deletions. Ensure you update the entry promptly to maintain accurate tracking for effective allergy management."
How do I report issues with the symptom tracking feature?,"To report issues with symptom tracking, access the app's support or help section, typically found in settings, and submit a detailed description of the problem. Alternatively, contact customer service directly via email or phone, ensuring you include app version, device type, and specific error details."
What information is needed when giving feedback about a log?,"When providing feedback on an allergy log, specify the duration, frequency, and severity of symptoms (e.g., nasal congestion, itching), along with potential triggers (e.g., pollen, pets) and medication use (e.g., antihistamines, efficacy). Include environmental exposures (e.g., weather, locations) and any observed patterns or symptom relief strategies for targeted analysis."
Can I leave comments when submitting symptom feedback?,"Yes, you can include comments when submitting symptom feedback. Detailed notes on timing, environmental exposures, or symptom triggers enhance diagnostic accuracy and personalized treatment planning."
How do I suggest improvements for the symptom logging system?,"Enhance the system by allowing customizable triggers (e.g., pollen levels, weather) and granular symptom scales (0–10) for nasal/ocular specifics. Integrate environmental tracking (location, time of day) and medication logs to correlate patterns and treatment efficacy."
Where can I find past feedback I sent in the app?,"As an allergist, my expertise is in diagnosing and managing allergies rather than app functionality. For technical support, please check the app’s settings menu or contact customer support directly."
Can I edit my feedback after submitting it?,"As an allergist, I focus on medical advice rather than technical feedback systems. For platform-specific queries, please consult the service’s support team or guidelines."
What is PM2.5 and why is it important for allergies?,"PM2.5 refers to airborne particulate matter ≤2.5 micrometers in diameter, primarily from combustion, industrial processes, and natural sources. It exacerbates allergies by penetrating deep into airways, carrying allergens, and triggering inflammatory responses in nasal and ocular tissues."
How does poor air quality affect allergy symptoms?,"Poor air quality exacerbates allergy symptoms by irritating the nasal and ocular mucosa, increasing inflammation and sensitivity to allergens like pollen or dust. Pollutants such as ozone and particulate matter also bind to allergens, enhancing their potency and prolonging exposure."
What is AQI and how should I interpret it for allergies?,"AQI (Air Quality Index) measures air pollutant levels, with higher values indicating greater health risks; for allergies, focus on PM2.5 and pollen counts, as elevated levels can exacerbate symptoms like congestion and irritation. Monitor daily AQI reports and limit outdoor activity when levels are ""moderate"" (51-100) or above to reduce exposure to allergens and irritants."
At what AQI level should I stay indoors?,"Individuals with allergies should consider staying indoors when the AQI exceeds 100 (""Unhealthy for Sensitive Groups""), as particulate matter and pollutants can exacerbate eye/nose symptoms. Monitor local AQI levels and limit outdoor activity during spikes, especially if pollen or pollution is a known trigger."
Can wearing a mask help with high PM2.5 exposure?,"Yes, wearing a well-fitted N95 or equivalent respirator can effectively reduce PM2.5 exposure by filtering over 95% of fine particles. Ensure a proper seal around the nose and mouth to prevent leakage, as gaps significantly diminish protection."
How can I track real-time air quality on Dayllergist?,"Dayllergist integrates real-time air quality data via its dashboard, sourcing updates from local environmental agencies and pollen count monitors. For immediate access, check the app’s ""Air Quality Index"" tab or enable alerts for allergen-specific thresholds like PM2.5 or pollen levels."
What outdoor activities should I avoid during poor air quality days?,"Avoid high-exertion activities like running, cycling, or team sports, as increased breathing rates amplify pollutant inhalation. Stay indoors during peak pollution hours (midday/afternoon) and prioritize low-intensity tasks if outdoor exposure is unavoidable."
How does air pollution worsen allergic asthma?,"Air pollution exacerbates allergic asthma by irritating airways and increasing inflammation, heightening bronchial hyperreactivity to allergens. Pollutants like PM2.5 and ozone also enhance allergen absorption and amplify immune responses, triggering more severe symptoms."
What should I do if air quality suddenly worsens during the day?,"Immediately limit outdoor exposure, close windows, and use an air purifier with a HEPA filter indoors. If symptoms arise, employ antihistamines or saline nasal rinses and consider wearing an N95 mask if venturing outside is unavoidable."
Does rain improve or worsen air quality for allergy sufferers?,"Rain initially worsens allergies by rupturing pollen grains into smaller, airborne particles, triggering symptoms. However, prolonged/heavy rain cleanses the air of allergens, providing later relief."
